<?xml version="1.0" encoding="UTF-8" standalone="no"?><decathlon><athlete><rank>1</rank><name>John Smith</name><total_points>4200</total_points><meters_100>12.61</meters_100><long_jump>5.00</long_jump><shot_put>9.22</shot_put><high_jump>1.50</high_jump><meters_400>60.39</meters_400><hurdles_110_meters>16.43</hurdles_110_meters><discus_throw>21.60</discus_throw><pole_vault>2.60</pole_vault><javelin_throw>35.81</javelin_throw><meters_1500>5:25.72 </meters_1500></athlete><athlete><rank>2</rank><name>Jaan Lepp</name><total_points>3494</total_points><meters_100>13.75</meters_100><long_jump>4.84</long_jump><shot_put>10.12</shot_put><high_jump>1.50</high_jump><meters_400>68.44</meters_400><hurdles_110_meters>19.18</hurdles_110_meters><discus_throw>30.85</discus_throw><pole_vault>2.80</pole_vault><javelin_throw>33.88</javelin_throw><meters_1500>6:22.75 </meters_1500></athlete><athlete><rank>3</rank><name>Jane Doe</name><total_points>3199</total_points><meters_100>13.04</meters_100><long_jump>4.53</long_jump><shot_put>7.79</shot_put><high_jump>1.55</high_jump><meters_400>64.72</meters_400><hurdles_110_meters>18.74</hurdles_110_meters><discus_throw>24.20</discus_throw><pole_vault>2.40</pole_vault><javelin_throw>28.20</javelin_throw><meters_1500>6:50.76 </meters_1500></athlete><athlete><rank>4</rank><name>Foo Bar</name><total_points>3099</total_points><meters_100>13.43</meters_100><long_jump>4.35</long_jump><shot_put>8.64</shot_put><high_jump>1.50</high_jump><meters_400>66.06</meters_400><hurdles_110_meters>19.05</hurdles_110_meters><discus_throw>24.89</discus_throw><pole_vault>2.20</pole_vault><javelin_throw>33.48</javelin_throw><meters_1500>6:51.01</meters_1500></athlete></decathlon>